candidate_id,official_id,query_name,benchmark_group,g_class,mongodb_pattern,document_strategy,db_name,run_phase,successful_runs,failed_runs,avg_latency_ms,median_latency_ms,p95_latency_ms,p99_latency_ms,stddev_latency_ms,min_latency_ms,max_latency_ms,avg_documents_returned,documents_written,semantic_warning,source_folder
ldbc_snb_ic1_g0_6aac8974,IC1,IC1_TransitiveFriendsWithName,primary,G0,root_with_references,reference,ldbc_snb_phys_sf1_sf1_ldbc_snb_ic1_g0_6aac8974,cold,10,0,2148.309335997328,2357.443010667339,2675.2523354487494,2713.9063642034307,527.3841667106151,1400.5976831540463,2723.569871392101,8.8,0.0,,ic1_cold
ldbc_snb_ic1_g3_89a97e97,IC1,IC1_TransitiveFriendsWithName,primary,G3,root_with_references_or_summaries,reference_summary,ldbc_snb_phys_sf1_sf1_ldbc_snb_ic1_g3_89a97e97,cold,10,0,2636.740243295208,2797.950085951016,3221.441241586581,3230.96435864456,578.8016703475357,1718.9068221487105,3233.3451379090548,8.8,0.0,,ic1_cold
ldbc_snb_ic1_g0_6aac8974,IC1,IC1_TransitiveFriendsWithName,primary,G0,root_with_references,reference,ldbc_snb_phys_sf1_sf1_ldbc_snb_ic1_g0_6aac8974,hot,10,0,2287.7936359960586,2484.1314756777138,2827.2060004761443,2845.071588042192,499.02432086388495,1452.9930083081126,2849.537984933704,8.8,0.0,,ic1_hot
ldbc_snb_ic1_g3_89a97e97,IC1,IC1_TransitiveFriendsWithName,primary,G3,root_with_references_or_summaries,reference_summary,ldbc_snb_phys_sf1_sf1_ldbc_snb_ic1_g3_89a97e97,hot,10,0,2555.5270813405514,2638.4386450517923,3277.677053748629,3403.804073142819,588.8880730677847,1767.320625949651,3435.3358279913664,8.8,0.0,,ic1_hot
ldbc_snb_ic2_g0_bcc20fff,IC2,IC2_RecentMessagesByFriends,primary,G0,root_with_references,reference,ldbc_snb_phys_sf1_sf1_ldbc_snb_ic2_g0_bcc20fff,cold,10,0,47.68634154461324,32.75881800800562,102.5596302002668,108.89601640403272,34.02308176086995,15.150164719671013,110.48011295497416,20.0,0.0,,ic2_cold
ldbc_snb_ic2_g3_8f05f032,IC2,IC2_RecentMessagesByFriends,primary,G3,root_with_references_or_summaries,reference_summary,ldbc_snb_phys_sf1_sf1_ldbc_snb_ic2_g3_8f05f032,cold,10,0,19.35920096002519,15.44415601529181,33.52049328386784,34.03515286743641,7.765502904431565,13.139829970896244,34.16381776332855,20.0,0.0,,ic2_cold
ldbc_snb_ic2_g0_bcc20fff,IC2,IC2_RecentMessagesByFriends,primary,G0,root_with_references,reference,ldbc_snb_phys_sf1_sf1_ldbc_snb_ic2_g0_bcc20fff,hot,10,0,16.381913516670465,16.248126979917288,25.26977849192917,26.444251099601388,6.011624039007231,8.58679972589016,26.73786925151944,20.0,0.0,,ic2_hot
ldbc_snb_ic2_g3_8f05f032,IC2,IC2_RecentMessagesByFriends,primary,G3,root_with_references_or_summaries,reference_summary,ldbc_snb_phys_sf1_sf1_ldbc_snb_ic2_g3_8f05f032,hot,10,0,15.177175169810653,15.055848518386483,16.605158452875912,17.000330821610987,0.9150820456194744,13.84415291249752,17.099123913794756,20.0,0.0,,ic2_hot
ldbc_snb_ic3_g0_f7817cbe,IC3,IC3_FriendsAndFriendsOfFriendsInCountries,primary,G0,root_with_references,reference,ldbc_snb_phys_sf1_sf1_ldbc_snb_ic3_g0_f7817cbe,cold,10,0,2761.9492111727595,2733.596773352474,3795.2758600004017,3912.6534168608487,767.8478215934332,1521.097468212247,3941.99780607596,20.0,0.0,,ic3_cold
ldbc_snb_ic3_g3_f4732bc1,IC3,IC3_FriendsAndFriendsOfFriendsInCountries,primary,G3,root_with_references_or_summaries,reference_summary,ldbc_snb_phys_sf1_sf1_ldbc_snb_ic3_g3_f4732bc1,cold,10,0,2729.0424031205475,2730.0993900280446,3891.117603541352,4007.979054939933,795.8224141337183,1439.51846472919,4037.1944177895775,20.0,0.0,,ic3_cold
ldbc_snb_ic3_g7_a1750f34,IC3,IC3_FriendsAndFriendsOfFriendsInCountries,secondary_affected,G7,containment_baseline,containment_reference,ldbc_snb_phys_sf1_sf1_ldbc_snb_ic3_g7_a1750f34,cold,10,0,2731.924640620128,2855.347614968196,3702.1788847865537,3813.421725207008,762.3910410608922,1392.7104896865785,3841.232435312122,20.0,0.0,,ic3_cold
ldbc_snb_ic3_g9_75aa81cd,IC3,IC3_FriendsAndFriendsOfFriendsInCountries,secondary_affected,G9,hybrid_containment,hybrid_embed_reference_summary,ldbc_snb_phys_sf1_sf1_ldbc_snb_ic3_g9_75aa81cd,cold,10,0,2869.085325114429,2854.124753503129,3990.082864393479,4169.170205057599,778.7786605637516,1690.4661837033927,4213.942040223628,20.0,0.0,,ic3_cold
ldbc_snb_ic3_g0_f7817cbe,IC3,IC3_FriendsAndFriendsOfFriendsInCountries,primary,G0,root_with_references,reference,ldbc_snb_phys_sf1_sf1_ldbc_snb_ic3_g0_f7817cbe,hot,10,0,2849.622327508405,2863.48542640917,4078.4769774647434,4205.128018357791,863.0860164201185,1452.672386076301,4236.790778581053,20.0,0.0,,ic3_hot
ldbc_snb_ic3_g3_f4732bc1,IC3,IC3_FriendsAndFriendsOfFriendsInCountries,primary,G3,root_with_references_or_summaries,reference_summary,ldbc_snb_phys_sf1_sf1_ldbc_snb_ic3_g3_f4732bc1,hot,10,0,2796.7776716686785,3012.242834083736,3987.060527410358,4003.421795200557,895.5147764872113,1393.6758060008287,4007.512112148106,20.0,0.0,,ic3_hot
ldbc_snb_ic3_g7_a1750f34,IC3,IC3_FriendsAndFriendsOfFriendsInCountries,secondary_affected,G7,containment_baseline,containment_reference,ldbc_snb_phys_sf1_sf1_ldbc_snb_ic3_g7_a1750f34,hot,10,0,2764.4905819557607,2919.624167494476,3664.1984829446296,3821.679552751593,781.1800116741192,1264.9015481583774,3861.049820203334,20.0,0.0,,ic3_hot
ldbc_snb_ic3_g9_75aa81cd,IC3,IC3_FriendsAndFriendsOfFriendsInCountries,secondary_affected,G9,hybrid_containment,hybrid_embed_reference_summary,ldbc_snb_phys_sf1_sf1_ldbc_snb_ic3_g9_75aa81cd,hot,10,0,2851.7447334248573,2966.6113222483546,3882.666102051735,3898.044359013438,800.2308109598323,1378.4470660611987,3901.888923253864,20.0,0.0,,ic3_hot
ldbc_snb_ic4_g0_54d8940c,IC4,IC4_NewTopics,primary,G0,root_with_references,reference,ldbc_snb_phys_sf1_sf1_ldbc_snb_ic4_g0_54d8940c,cold,10,0,41.35707579553127,40.33440700732172,60.4743191273883,62.16100933495909,13.100282683950285,25.721645914018158,62.58268188685179,20.0,0.0,,ic4_cold
ldbc_snb_ic4_g3_00df9f3e,IC4,IC4_NewTopics,primary,G3,root_with_references_or_summaries,reference_summary,ldbc_snb_phys_sf1_sf1_ldbc_snb_ic4_g3_00df9f3e,cold,10,0,49.05593558214605,45.45296006835997,73.42445908579974,77.67268170136958,16.687866256083336,24.94577504694462,78.73473735526204,20.0,0.0,,ic4_cold
ldbc_snb_ic4_g0_54d8940c,IC4,IC4_NewTopics,primary,G0,root_with_references,reference,ldbc_snb_phys_sf1_sf1_ldbc_snb_ic4_g0_54d8940c,hot,10,0,45.945974346250296,47.10362013429403,62.47157214675099,63.13318979460746,10.5569078105697,32.281281892210245,63.29859420657158,20.0,0.0,,ic4_hot
ldbc_snb_ic4_g3_00df9f3e,IC4,IC4_NewTopics,primary,G3,root_with_references_or_summaries,reference_summary,ldbc_snb_phys_sf1_sf1_ldbc_snb_ic4_g3_00df9f3e,hot,10,0,45.14852222055197,44.7293552570045,61.061802972108126,61.15799503400922,9.913135729473623,32.898345962166786,61.18204304948449,20.0,0.0,,ic4_hot
ldbc_snb_ic5_g0_f44bd6f8,IC5,IC5_NewGroups,primary,G0,root_with_references,reference,ldbc_snb_phys_sf1_sf1_ldbc_snb_ic5_g0_f44bd6f8,cold,10,0,7170.384187111631,7551.720732590184,8659.264938975684,8761.685464545153,1490.2690502034309,4862.269436009228,8787.29059593752,20.0,0.0,,ic5_cold
ldbc_snb_ic5_g3_45734260,IC5,IC5_NewGroups,primary,G3,root_with_references_or_summaries,reference_summary,ldbc_snb_phys_sf1_sf1_ldbc_snb_ic5_g3_45734260,cold,10,0,7115.1371522806585,7416.74224822782,8864.158392511308,9066.202794499695,1696.4326569764178,4298.355156090111,9116.713894996792,20.0,0.0,,ic5_cold
ldbc_snb_ic5_g4_69144c92,IC5,IC5_NewGroups,secondary_affected,G4,explicit_edge_collection,edge_document,ldbc_snb_phys_sf1_sf1_ldbc_snb_ic5_g4_69144c92,cold,10,0,7446.44173826091,7902.07083709538,8982.7934701927,9044.6724868007,1582.6918033597883,4847.210121806711,9060.1422409527,20.0,0.0,,ic5_cold
ldbc_snb_ic5_g6_733601c1,IC5,IC5_NewGroups,secondary_affected,G6,referenced_or_reverse_indexed_edges,edge_reference_reverse_index,ldbc_snb_phys_sf1_sf1_ldbc_snb_ic5_g6_733601c1,cold,10,0,7422.964939242229,7612.973260460421,9274.153005471451,9400.196304572746,1657.4463144188755,4718.411232344806,9431.70712934807,20.0,0.0,,ic5_cold
ldbc_snb_ic5_g7_a2002d4c,IC5,IC5_NewGroups,secondary_affected,G7,containment_baseline,containment_reference,ldbc_snb_phys_sf1_sf1_ldbc_snb_ic5_g7_a2002d4c,cold,10,0,7170.607488555834,7513.025893131271,8725.778224156238,8739.237270546146,1582.7465210366574,4427.3926159366965,8742.602032143623,20.0,0.0,,ic5_cold
ldbc_snb_ic5_g9_7a7a63d2,IC5,IC5_NewGroups,secondary_affected,G9,hybrid_containment,hybrid_embed_reference_summary,ldbc_snb_phys_sf1_sf1_ldbc_snb_ic5_g9_7a7a63d2,cold,10,0,7193.5682128649205,7392.695103771985,8756.3818506198,8966.796854124404,1457.622628062261,4699.49595304206,9019.400605000556,20.0,0.0,,ic5_cold
ldbc_snb_ic5_g0_f44bd6f8,IC5,IC5_NewGroups,primary,G0,root_with_references,reference,ldbc_snb_phys_sf1_sf1_ldbc_snb_ic5_g0_f44bd6f8,hot,10,0,7147.017892077565,7317.694818601012,8708.73895266559,8723.897299501114,1449.8936332502187,4843.546993099153,8727.686886209995,20.0,0.0,,ic5_hot
ldbc_snb_ic5_g3_45734260,IC5,IC5_NewGroups,primary,G3,root_with_references_or_summaries,reference_summary,ldbc_snb_phys_sf1_sf1_ldbc_snb_ic5_g3_45734260,hot,10,0,7113.061939924955,7900.203013326973,8646.56364643015,8688.055861191824,1543.6639290720457,4712.28772494942,8698.428914882243,20.0,0.0,,ic5_hot
ldbc_snb_ic5_g4_69144c92,IC5,IC5_NewGroups,secondary_affected,G4,explicit_edge_collection,edge_document,ldbc_snb_phys_sf1_sf1_ldbc_snb_ic5_g4_69144c92,hot,10,0,7465.060026617721,7857.320660026744,9043.853407073766,9113.24627013877,1608.8330201593735,4833.689153194428,9130.59448590502,20.0,0.0,,ic5_hot
ldbc_snb_ic5_g6_733601c1,IC5,IC5_NewGroups,secondary_affected,G6,referenced_or_reverse_indexed_edges,edge_reference_reverse_index,ldbc_snb_phys_sf1_sf1_ldbc_snb_ic5_g6_733601c1,hot,10,0,7270.648015430197,7515.594827011228,9015.018893871456,9093.261230830103,1704.7920254546125,4559.741348959506,9112.821815069765,20.0,0.0,,ic5_hot
ldbc_snb_ic5_g7_a2002d4c,IC5,IC5_NewGroups,secondary_affected,G7,containment_baseline,containment_reference,ldbc_snb_phys_sf1_sf1_ldbc_snb_ic5_g7_a2002d4c,hot,10,0,7030.836162390187,7373.708199942484,8636.625373270363,8694.430427532643,1486.6664514304423,4605.840804986656,8708.881691098213,20.0,0.0,,ic5_hot
ldbc_snb_ic5_g9_7a7a63d2,IC5,IC5_NewGroups,secondary_affected,G9,hybrid_containment,hybrid_embed_reference_summary,ldbc_snb_phys_sf1_sf1_ldbc_snb_ic5_g9_7a7a63d2,hot,10,0,7217.816699901596,7505.139575107023,8889.362352574244,9054.695658506826,1463.2095038816085,4844.63447611779,9096.028984989973,20.0,0.0,,ic5_hot
ldbc_snb_ic6_g0_f6a698ed,IC6,IC6_TagCoOccurrence,primary,G0,root_with_references,reference,ldbc_snb_phys_sf1_sf1_ldbc_snb_ic6_g0_f6a698ed,cold,10,0,80.84253738634288,77.35040946863592,110.16180899459866,122.70916918758304,19.16813950585725,53.03376214578748,125.84600923582911,17.2,0.0,,ic6_cold
ldbc_snb_ic6_g3_9a00a0b5,IC6,IC6_TagCoOccurrence,primary,G3,root_with_references_or_summaries,reference_summary,ldbc_snb_phys_sf1_sf1_ldbc_snb_ic6_g3_9a00a0b5,cold,10,0,73.59224921092391,72.64356664381921,89.81447690166533,91.59587775357068,12.957763740930035,53.27711906284094,92.041227966547,17.2,0.0,,ic6_cold
ldbc_snb_ic6_g0_f6a698ed,IC6,IC6_TagCoOccurrence,primary,G0,root_with_references,reference,ldbc_snb_phys_sf1_sf1_ldbc_snb_ic6_g0_f6a698ed,hot,10,0,62.10738345980644,59.45860827341676,82.23682607058436,85.49764708150178,14.543925495072935,37.282696925103664,86.31285233423114,17.2,0.0,,ic6_hot
ldbc_snb_ic6_g3_9a00a0b5,IC6,IC6_TagCoOccurrence,primary,G3,root_with_references_or_summaries,reference_summary,ldbc_snb_phys_sf1_sf1_ldbc_snb_ic6_g3_9a00a0b5,hot,10,0,69.70753772184253,69.75881336256862,85.99796844646335,86.09732752665877,11.126152687349624,52.61655477806926,86.12216729670763,17.2,0.0,,ic6_hot
ldbc_snb_ic7_g0_39cfc8f6,IC7,IC7_RecentLikers,primary,G0,root_with_references,reference,ldbc_snb_phys_sf1_sf1_ldbc_snb_ic7_g0_39cfc8f6,cold,10,0,7.653748849406838,4.13430854678154,24.50218310113993,34.2495621694252,10.694628406150144,1.016302965581417,36.686406936496496,0.8,0.0,,ic7_cold
ldbc_snb_ic7_g3_d6d26f02,IC7,IC7_RecentLikers,primary,G3,root_with_references_or_summaries,reference_summary,ldbc_snb_phys_sf1_sf1_ldbc_snb_ic7_g3_d6d26f02,cold,10,0,0.838346453383565,0.7735996041446924,1.4170985901728272,1.417449121363461,0.4052833214652918,0.3933901898562908,1.4175367541611197,15.8,0.0,,ic7_cold
ldbc_snb_ic7_g4_5de4a081,IC7,IC7_RecentLikers,secondary_affected,G4,explicit_edge_collection,edge_document,ldbc_snb_phys_sf1_sf1_ldbc_snb_ic7_g4_5de4a081,cold,10,0,1.5607100911438463,1.0942418593913317,3.007811773568392,3.033271301537752,0.8869809437098432,0.800012145191431,3.039636183530092,15.8,0.0,,ic7_cold
ldbc_snb_ic7_g6_084f8a43,IC7,IC7_RecentLikers,secondary_affected,G6,referenced_or_reverse_indexed_edges,edge_reference_reverse_index,ldbc_snb_phys_sf1_sf1_ldbc_snb_ic7_g6_084f8a43,cold,10,0,0.956230191513896,0.7402589544653893,1.684362767264247,1.7030426766723394,0.456315066616596,0.5412348546087742,1.7077126540243626,12.8,0.0,,ic7_cold
ldbc_snb_ic7_g0_39cfc8f6,IC7,IC7_RecentLikers,primary,G0,root_with_references,reference,ldbc_snb_phys_sf1_sf1_ldbc_snb_ic7_g0_39cfc8f6,hot,10,0,2.4686175864189863,2.356742974370718,3.5792393609881383,4.199265502393246,0.72283703803049,1.7341761849820614,4.354272037744522,0.8,0.0,,ic7_hot
ldbc_snb_ic7_g3_d6d26f02,IC7,IC7_RecentLikers,primary,G3,root_with_references_or_summaries,reference_summary,ldbc_snb_phys_sf1_sf1_ldbc_snb_ic7_g3_d6d26f02,hot,10,0,1.0035139042884111,0.8803096134215593,1.727527915500103,2.165111708454788,0.4593815351184375,0.712342094630003,2.2745076566934586,15.8,0.0,,ic7_hot
ldbc_snb_ic7_g4_5de4a081,IC7,IC7_RecentLikers,secondary_affected,G4,explicit_edge_collection,edge_document,ldbc_snb_phys_sf1_sf1_ldbc_snb_ic7_g4_5de4a081,hot,10,0,1.2824739795178175,1.1407886631786823,2.108126645907758,2.6627119164913897,0.5420456160925332,0.9425529278814792,2.8013582341372967,15.8,0.0,,ic7_hot
ldbc_snb_ic7_g6_084f8a43,IC7,IC7_RecentLikers,secondary_affected,G6,referenced_or_reverse_indexed_edges,edge_reference_reverse_index,ldbc_snb_phys_sf1_sf1_ldbc_snb_ic7_g6_084f8a43,hot,10,0,1.0725119151175022,1.0958181228488684,1.1722147930413485,1.1729661468416452,0.0903391138580882,0.939859077334404,1.1731539852917194,12.8,0.0,,ic7_hot
ldbc_snb_is1_g0_edd90ee3,IS1,IS1_ProfileOfPerson,primary,G0,root_with_references,reference,ldbc_snb_phys_sf1_sf1_ldbc_snb_is1_g0_edd90ee3,cold,10,0,0.6184223107993603,0.1573667395859956,2.662197244353588,4.163163253106178,1.3790641779949375,0.1355018466711044,4.538404755294323,1.0,0.0,,is1_cold
ldbc_snb_is1_g3_6c817501,IS1,IS1_ProfileOfPerson,primary,G3,root_with_references_or_summaries,reference_summary,ldbc_snb_phys_sf1_sf1_ldbc_snb_is1_g3_6c817501,cold,10,0,0.1738807186484336,0.1435794401913881,0.3077576868236062,0.375810693949461,0.0801638746994263,0.1308880746364593,0.3928239457309246,1.0,0.0,,is1_cold
ldbc_snb_is1_g0_edd90ee3,IS1,IS1_ProfileOfPerson,primary,G0,root_with_references,reference,ldbc_snb_phys_sf1_sf1_ldbc_snb_is1_g0_edd90ee3,hot,10,0,0.3607519902288914,0.317570986226201,0.5688421661034222,0.7081452058628203,0.1360869632028575,0.2867989242076874,0.7429709658026695,1.0,0.0,,is1_hot
ldbc_snb_is1_g3_6c817501,IS1,IS1_ProfileOfPerson,primary,G3,root_with_references_or_summaries,reference_summary,ldbc_snb_phys_sf1_sf1_ldbc_snb_is1_g3_6c817501,hot,10,0,0.2994505222886801,0.2926304005086422,0.3514554351568221,0.3717222064733505,0.0306781894534741,0.2686916850507259,0.3767888993024826,1.0,0.0,,is1_hot
ldbc_snb_is2_g0_1d094f1c,IS2,IS2_RecentMessagesOfPerson,secondary_affected,G0,root_with_references,reference,ldbc_snb_phys_sf1_sf1_ldbc_snb_is2_g0_1d094f1c,cold,10,0,12.963884323835371,8.324553491547704,35.517902672290774,45.69554880261422,14.680379234471433,1.584953162819147,48.239960335195065,20.0,0.0,,is2_cold
ldbc_snb_is2_g3_b993236d,IS2,IS2_RecentMessagesOfPerson,secondary_affected,G3,root_with_references_or_summaries,reference_summary,ldbc_snb_phys_sf1_sf1_ldbc_snb_is2_g3_b993236d,cold,10,0,5.147404223680496,2.896872814744711,12.074288376606995,13.064893041737378,4.731112511310386,0.9481827728450298,13.312544208019972,20.0,0.0,,is2_cold
ldbc_snb_is2_g4_9622e695,IS2,IS2_RecentMessagesOfPerson,secondary_affected,G4,explicit_edge_collection,edge_document,ldbc_snb_phys_sf1_sf1_ldbc_snb_is2_g4_9622e695,cold,10,0,4.962562257423997,1.770039089024067,11.680600605905052,12.576300166547298,4.693156773421127,1.2083533219993114,12.80022505670786,20.0,0.0,,is2_cold
ldbc_snb_is2_g6_7253ed90,IS2,IS2_RecentMessagesOfPerson,secondary_affected,G6,referenced_or_reverse_indexed_edges,edge_reference_reverse_index,ldbc_snb_phys_sf1_sf1_ldbc_snb_is2_g6_7253ed90,cold,10,0,5.63098881393671,1.6109615098685026,14.344502799212933,14.58207007497549,6.0196300936439,0.8116113021969795,14.64146189391613,20.0,0.0,,is2_cold
ldbc_snb_is2_g7_26e684aa,IS2,IS2_RecentMessagesOfPerson,secondary_affected,G7,containment_baseline,containment_reference,ldbc_snb_phys_sf1_sf1_ldbc_snb_is2_g7_26e684aa,cold,10,0,6.371393799781799,2.0013460889458656,15.664518927223977,16.960591659881175,6.410586425694384,1.1346866376698015,17.284609843045473,20.0,0.0,,is2_cold
ldbc_snb_is2_g9_b1df45f6,IS2,IS2_RecentMessagesOfPerson,secondary_affected,G9,hybrid_containment,hybrid_embed_reference_summary,ldbc_snb_phys_sf1_sf1_ldbc_snb_is2_g9_b1df45f6,cold,10,0,5.871898541226983,1.6471724957227707,15.94184276182204,17.05942923668772,6.175909012183698,1.091156154870987,17.33882585540414,20.0,0.0,,is2_cold
ldbc_snb_is2_g0_1d094f1c,IS2,IS2_RecentMessagesOfPerson,secondary_affected,G0,root_with_references,reference,ldbc_snb_phys_sf1_sf1_ldbc_snb_is2_g0_1d094f1c,hot,10,0,1.900489442050457,1.8529288936406372,2.407257445156574,2.5544101372361183,0.3406676471721147,1.459592022001743,2.5911983102560043,20.0,0.0,,is2_hot
ldbc_snb_is2_g3_b993236d,IS2,IS2_RecentMessagesOfPerson,secondary_affected,G3,root_with_references_or_summaries,reference_summary,ldbc_snb_phys_sf1_sf1_ldbc_snb_is2_g3_b993236d,hot,10,0,1.6252722591161728,1.632672967389226,1.9213422434404488,1.953329429961741,0.2012989156948448,1.3256249949336052,1.961326226592064,20.0,0.0,,is2_hot
ldbc_snb_is2_g4_9622e695,IS2,IS2_RecentMessagesOfPerson,secondary_affected,G4,explicit_edge_collection,edge_document,ldbc_snb_phys_sf1_sf1_ldbc_snb_is2_g4_9622e695,hot,10,0,1.8075394444167612,1.7617449630051851,2.084997692145407,2.112305765040219,0.2291690221170344,1.405244693160057,2.1191327832639217,20.0,0.0,,is2_hot
ldbc_snb_is2_g6_7253ed90,IS2,IS2_RecentMessagesOfPerson,secondary_affected,G6,referenced_or_reverse_indexed_edges,edge_reference_reverse_index,ldbc_snb_phys_sf1_sf1_ldbc_snb_is2_g6_7253ed90,hot,10,0,1.7782585695385933,1.7160051502287388,2.193760382942855,2.3286656057462096,0.2631412141397917,1.4586001634597778,2.362391911447048,20.0,0.0,,is2_hot
ldbc_snb_is2_g7_26e684aa,IS2,IS2_RecentMessagesOfPerson,secondary_affected,G7,containment_baseline,containment_reference,ldbc_snb_phys_sf1_sf1_ldbc_snb_is2_g7_26e684aa,hot,10,0,1.6605656128376722,1.663188450038433,1.986860274337232,2.057464229874313,0.2470516923021879,1.2545040808618069,2.075115218758583,20.0,0.0,,is2_hot
ldbc_snb_is2_g9_b1df45f6,IS2,IS2_RecentMessagesOfPerson,secondary_affected,G9,hybrid_containment,hybrid_embed_reference_summary,ldbc_snb_phys_sf1_sf1_ldbc_snb_is2_g9_b1df45f6,hot,10,0,1.5834144316613674,1.5885753091424704,1.876588980667293,1.9113727053627367,0.203057902766418,1.2605148367583752,1.9200686365365984,20.0,0.0,,is2_hot
ldbc_snb_is3_g0_fc24df68,IS3,IS3_FriendsOfPerson,primary,G0,root_with_references,reference,ldbc_snb_phys_sf1_sf1_ldbc_snb_is3_g0_fc24df68,cold,10,0,2.4997735396027565,0.3547887317836284,12.030043220147467,19.415311617776755,6.594292055915934,0.2822508104145527,21.261628717184067,14.8,0.0,,is3_cold
ldbc_snb_is3_g3_ebc00ba6,IS3,IS3_FriendsOfPerson,primary,G3,root_with_references_or_summaries,reference_summary,ldbc_snb_phys_sf1_sf1_ldbc_snb_is3_g3_ebc00ba6,cold,10,0,0.4057962913066149,0.3430701326578855,0.6602232344448566,0.6780518777668476,0.1473776167302318,0.2894448116421699,0.6825090385973454,14.8,0.0,,is3_cold
ldbc_snb_is3_g0_fc24df68,IS3,IS3_FriendsOfPerson,primary,G0,root_with_references,reference,ldbc_snb_phys_sf1_sf1_ldbc_snb_is3_g0_fc24df68,hot,10,0,0.7658530026674271,0.6806377787142992,1.1249792994931338,1.2007253849878907,0.1948691447493493,0.625362154096365,1.21966190636158,14.8,0.0,,is3_hot
ldbc_snb_is3_g3_ebc00ba6,IS3,IS3_FriendsOfPerson,primary,G3,root_with_references_or_summaries,reference_summary,ldbc_snb_phys_sf1_sf1_ldbc_snb_is3_g3_ebc00ba6,hot,10,0,0.6207411177456379,0.5979128181934357,0.7068826584145427,0.7423429703339934,0.0512580154538473,0.5835150368511677,0.7512080483138561,14.8,0.0,,is3_hot
ldbc_snb_is4_g0_103e0c60,IS4,IS4_ContentOfMessage,control,G0,root_with_references,reference,ldbc_snb_phys_sf1_sf1_ldbc_snb_is4_g0_103e0c60,cold,10,0,1225.2821744885296,1227.0344404969364,1273.7331360811368,1294.391228784807,43.83163775708612,1121.215166989714,1299.5557519607246,1.0,0.0,,is4_cold
ldbc_snb_is4_g1_c923c633,IS4,IS4_ContentOfMessage,primary,G1,single_entity_lookup,single_collection,ldbc_snb_phys_sf1_sf1_ldbc_snb_is4_g1_c923c633,cold,10,0,1268.6354386620224,1231.55811522156,1577.360279881395,1732.091441382654,188.3973859468086,1109.2911511659622,1770.774231757969,1.0,0.0,,is4_cold
ldbc_snb_is4_g0_103e0c60,IS4,IS4_ContentOfMessage,control,G0,root_with_references,reference,ldbc_snb_phys_sf1_sf1_ldbc_snb_is4_g0_103e0c60,hot,10,0,1235.7659418601545,1239.766497164965,1247.1139102010056,1247.214593118988,15.008123646501732,1196.5378830209374,1247.2397638484836,1.0,0.0,,is4_hot
ldbc_snb_is4_g1_c923c633,IS4,IS4_ContentOfMessage,primary,G1,single_entity_lookup,single_collection,ldbc_snb_phys_sf1_sf1_ldbc_snb_is4_g1_c923c633,hot,10,0,1210.3627502452582,1231.560972519219,1299.1822987329217,1315.136783039197,67.20001712192509,1091.8969670310616,1319.1254041157663,1.0,0.0,,is4_hot
ldbc_snb_is5_g0_0e8582ef,IS5,IS5_CreatorOfMessage,primary,G0,root_with_references,reference,ldbc_snb_phys_sf1_sf1_ldbc_snb_is5_g0_0e8582ef,cold,10,0,1.0398694779723885,0.4641578998416662,3.656463255174452,5.588242323137821,1.7700692422417996,0.3933380357921123,6.07118709012866,1.0,0.0,,is5_cold
ldbc_snb_is5_g3_f332352f,IS5,IS5_CreatorOfMessage,primary,G3,root_with_references_or_summaries,reference_summary,ldbc_snb_phys_sf1_sf1_ldbc_snb_is5_g3_f332352f,cold,10,0,0.7360631134361029,0.4733821842819452,1.6563883284106844,1.900607985444367,0.5147990886121138,0.4163277335464954,1.9616628997027876,1.0,0.0,,is5_cold
ldbc_snb_is5_g0_0e8582ef,IS5,IS5_CreatorOfMessage,primary,G0,root_with_references,reference,ldbc_snb_phys_sf1_sf1_ldbc_snb_is5_g0_0e8582ef,hot,10,0,0.5829472560435534,0.5126981995999813,0.9090118575841184,1.059041554108262,0.2022358912078767,0.4203612916171551,1.096548978239298,1.0,0.0,,is5_hot
ldbc_snb_is5_g3_f332352f,IS5,IS5_CreatorOfMessage,primary,G3,root_with_references_or_summaries,reference_summary,ldbc_snb_phys_sf1_sf1_ldbc_snb_is5_g3_f332352f,hot,10,0,0.4363468382507562,0.4186746664345264,0.5504123866558073,0.615813359618187,0.0720241669717604,0.3840792924165725,0.6321636028587818,1.0,0.0,,is5_hot
ldbc_snb_is6_g0_768bbe02,IS6,IS6_ForumOfMessage,secondary_affected,G0,root_with_references,reference,ldbc_snb_phys_sf1_sf1_ldbc_snb_is6_g0_768bbe02,cold,10,0,1251.956238457933,1236.1597619019449,1380.3334823343905,1421.9850571919233,73.4476506362403,1183.6817269213498,1432.3979509063065,2.0,0.0,,is6_cold
ldbc_snb_is6_g3_f811f02c,IS6,IS6_ForumOfMessage,secondary_affected,G3,root_with_references_or_summaries,reference_summary,ldbc_snb_phys_sf1_sf1_ldbc_snb_is6_g3_f811f02c,cold,10,0,1219.0764394588768,1237.7440985292196,1282.7607713639736,1295.7169164717195,56.24372459406993,1104.6090531162918,1298.9559527486565,2.0,0.0,,is6_cold
ldbc_snb_is6_g7_0aecbe5c,IS6,IS6_ForumOfMessage,primary,G7,containment_baseline,containment_reference,ldbc_snb_phys_sf1_sf1_ldbc_snb_is6_g7_0aecbe5c,cold,10,0,1296.102289110422,1228.5391485784205,1648.3061435632403,1848.1795655749736,217.9514155531146,1151.5009421855211,1898.147921077907,2.0,0.0,,is6_cold
ldbc_snb_is6_g9_c7584187,IS6,IS6_ForumOfMessage,primary,G9,hybrid_containment,hybrid_embed_reference_summary,ldbc_snb_phys_sf1_sf1_ldbc_snb_is6_g9_c7584187,cold,10,0,1276.6251316294074,1244.4218806922436,1430.9668703237546,1522.9451059224084,96.10007033720034,1224.0693839266896,1545.9396648220718,2.0,0.0,,is6_cold
ldbc_snb_is6_g0_768bbe02,IS6,IS6_ForumOfMessage,secondary_affected,G0,root_with_references,reference,ldbc_snb_phys_sf1_sf1_ldbc_snb_is6_g0_768bbe02,hot,10,0,1240.113058779389,1233.5465324576944,1369.3767338525502,1435.8505163248628,85.103571856996,1130.4828790016472,1452.468961942941,2.0,0.0,,is6_hot
ldbc_snb_is6_g3_f811f02c,IS6,IS6_ForumOfMessage,secondary_affected,G3,root_with_references_or_summaries,reference_summary,ldbc_snb_phys_sf1_sf1_ldbc_snb_is6_g3_f811f02c,hot,10,0,1238.846712000668,1237.9946268629285,1294.5043080952018,1315.9635456185788,42.71169733449479,1145.4561492428184,1321.328354999423,2.0,0.0,,is6_hot
ldbc_snb_is6_g7_0aecbe5c,IS6,IS6_ForumOfMessage,primary,G7,containment_baseline,containment_reference,ldbc_snb_phys_sf1_sf1_ldbc_snb_is6_g7_0aecbe5c,hot,10,0,1247.7648604195565,1239.5668365061283,1423.5090733040122,1508.258957946673,110.5375460322028,1116.3794668391347,1529.4464291073382,2.0,0.0,,is6_hot
ldbc_snb_is6_g9_c7584187,IS6,IS6_ForumOfMessage,primary,G9,hybrid_containment,hybrid_embed_reference_summary,ldbc_snb_phys_sf1_sf1_ldbc_snb_is6_g9_c7584187,hot,10,0,1243.6755366623402,1229.096456663683,1418.9384921919552,1489.6110938396305,108.20015794216364,1130.060345865786,1507.2792442515492,2.0,0.0,,is6_hot
ldbc_snb_is7_g0_7dff7761,IS7,IS7_RepliesOfMessage,primary,G0,root_with_references,reference,ldbc_snb_phys_sf1_sf1_ldbc_snb_is7_g0_7dff7761,cold,10,0,1.6449967864900827,1.048980513587594,4.622904583811755,6.404293701052667,1.914445092771684,0.5480339750647545,6.849640980362892,5.8,0.0,,is7_cold
ldbc_snb_is7_g3_6298fb5e,IS7,IS7_RepliesOfMessage,primary,G3,root_with_references_or_summaries,reference_summary,ldbc_snb_phys_sf1_sf1_ldbc_snb_is7_g3_6298fb5e,cold,10,0,0.9091310203075408,0.7434089202433825,1.457880903035402,1.5145774371922016,0.391857584903133,0.5474141798913479,1.5287515707314014,5.8,0.0,,is7_cold
ldbc_snb_is7_g7_4e6a7bf8,IS7,IS7_RepliesOfMessage,secondary_affected,G7,containment_baseline,containment_reference,ldbc_snb_phys_sf1_sf1_ldbc_snb_is7_g7_4e6a7bf8,cold,10,0,0.8173339068889618,0.7238893304020166,1.1085123056545854,1.1171072768047452,0.229391116405117,0.573210883885622,1.1192560195922852,5.8,0.0,,is7_cold
ldbc_snb_is7_g9_392f7469,IS7,IS7_RepliesOfMessage,secondary_affected,G9,hybrid_containment,hybrid_embed_reference_summary,ldbc_snb_phys_sf1_sf1_ldbc_snb_is7_g9_392f7469,cold,10,0,0.6712192669510841,0.6236154586076736,0.8571567479521035,0.8973969239741564,0.121971008535676,0.5479850806295872,0.9074569679796696,5.8,0.0,,is7_cold
ldbc_snb_is7_g0_7dff7761,IS7,IS7_RepliesOfMessage,primary,G0,root_with_references,reference,ldbc_snb_phys_sf1_sf1_ldbc_snb_is7_g0_7dff7761,hot,10,0,1.3107676524668932,1.2276389170438051,1.7721247393637891,1.9042634312063456,0.2591318979625038,1.1122208088636398,1.9372981041669848,5.8,0.0,,is7_hot
ldbc_snb_is7_g3_6298fb5e,IS7,IS7_RepliesOfMessage,primary,G3,root_with_references_or_summaries,reference_summary,ldbc_snb_phys_sf1_sf1_ldbc_snb_is7_g3_6298fb5e,hot,10,0,1.1518657207489014,1.1145262978971004,1.2579675763845444,1.2750928103923798,0.0653092738198875,1.0950509458780289,1.2793741188943386,5.8,0.0,,is7_hot
ldbc_snb_is7_g7_4e6a7bf8,IS7,IS7_RepliesOfMessage,secondary_affected,G7,containment_baseline,containment_reference,ldbc_snb_phys_sf1_sf1_ldbc_snb_is7_g7_4e6a7bf8,hot,10,0,1.3645952567458153,1.327795907855034,1.6310879262164235,1.646940284408629,0.176616101409502,1.1753030121326449,1.6509033739566803,5.8,0.0,,is7_hot
ldbc_snb_is7_g9_392f7469,IS7,IS7_RepliesOfMessage,secondary_affected,G9,hybrid_containment,hybrid_embed_reference_summary,ldbc_snb_phys_sf1_sf1_ldbc_snb_is7_g9_392f7469,hot,10,0,1.2294730637222528,1.1907878797501326,1.431469270028174,1.48569465149194,0.132778230635643,1.095411367714405,1.4992509968578815,5.8,0.0,,is7_hot
ldbc_snb_ins1_g0_ffbfd07e,INS1,INS1_AddPerson,primary,G0,root_with_references,reference,ldbc_snb_phys_sf1_sf1_ldbc_snb_ins1_g0_ffbfd07e,cold,10,0,3.283252660185098,1.323422882705927,12.22436346579341,19.27423520479352,6.238412884933019,1.2293616309762,21.036703139543533,0.0,3.0,,ins1_cold
ldbc_snb_ins1_g3_10a467d5,INS1,INS1_AddPerson,primary,G3,root_with_references_or_summaries,reference_summary,ldbc_snb_phys_sf1_sf1_ldbc_snb_ins1_g3_10a467d5,cold,10,0,1.7401335760951042,1.622118055820465,2.245115465484558,2.573428745381534,0.3263050604947742,1.585656777024269,2.6555070653557777,0.0,4.0,,ins1_cold
ldbc_snb_ins1_g0_ffbfd07e,INS1,INS1_AddPerson,primary,G0,root_with_references,reference,ldbc_snb_phys_sf1_sf1_ldbc_snb_ins1_g0_ffbfd07e,hot,10,0,1.5392938163131475,1.401163637638092,2.049524150788784,2.073501758277416,0.3089128770729181,1.2565311044454577,2.0794961601495743,0.0,3.0,,ins1_hot
ldbc_snb_ins1_g3_10a467d5,INS1,INS1_AddPerson,primary,G3,root_with_references_or_summaries,reference_summary,ldbc_snb_phys_sf1_sf1_ldbc_snb_ins1_g3_10a467d5,hot,10,0,1.779824262484908,1.7693350091576576,1.874242164194584,1.874498315155506,0.0663459180303292,1.6768649220466614,1.8745623528957367,0.0,4.0,,ins1_hot
ldbc_snb_ins2_g4_9fb1f96c,INS2,INS2_AddLikeToPost,primary,G4,explicit_edge_collection,edge_document,ldbc_snb_phys_sf1_sf1_ldbc_snb_ins2_g4_9fb1f96c,cold,10,0,1.5450499951839447,0.5265949293971062,6.085406057536592,9.500327520072462,3.097519105765021,0.4671541973948478,10.354057885706425,0.0,2.0,,ins2_cold
ldbc_snb_ins2_g6_f226f1c0,INS2,INS2_AddLikeToPost,primary,G6,referenced_or_reverse_indexed_edges,edge_reference_reverse_index,ldbc_snb_phys_sf1_sf1_ldbc_snb_ins2_g6_f226f1c0,cold,10,0,0.5421714391559362,0.5084935110062361,0.7011896697804332,0.7117000734433532,0.0900902871990355,0.4645432345569134,0.7143276743590832,0.0,2.0,,ins2_cold
ldbc_snb_ins2_g4_9fb1f96c,INS2,INS2_AddLikeToPost,primary,G4,explicit_edge_collection,edge_document,ldbc_snb_phys_sf1_sf1_ldbc_snb_ins2_g4_9fb1f96c,hot,10,0,0.7663172204047441,0.5104830488562584,1.6884807031601663,1.8349048402160408,0.4936440842190338,0.4645339213311672,1.871510874480009,0.0,2.0,,ins2_hot
ldbc_snb_ins2_g6_f226f1c0,INS2,INS2_AddLikeToPost,primary,G6,referenced_or_reverse_indexed_edges,edge_reference_reverse_index,ldbc_snb_phys_sf1_sf1_ldbc_snb_ins2_g6_f226f1c0,hot,10,0,0.5096155684441328,0.4971714224666357,0.5551356123760343,0.5679134884849191,0.0271613170602478,0.4858463071286678,0.5711079575121403,0.0,2.0,,ins2_hot
ldbc_snb_ins3_g4_9ec9f8f6,INS3,INS3_AddLikeToComment,primary,G4,explicit_edge_collection,edge_document,ldbc_snb_phys_sf1_sf1_ldbc_snb_ins3_g4_9ec9f8f6,cold,10,0,1.8065601587295528,1.1096259113401177,4.804407129995519,6.990270852111281,2.019956259116958,1.0107741691172123,7.536736782640219,0.0,2.0,,ins3_cold
ldbc_snb_ins3_g6_c1c01729,INS3,INS3_AddLikeToComment,primary,G6,referenced_or_reverse_indexed_edges,edge_reference_reverse_index,ldbc_snb_phys_sf1_sf1_ldbc_snb_ins3_g6_c1c01729,cold,10,0,1.0640752501785755,1.0095520410686731,1.2353182304650543,1.2613916490226984,0.1037963243131645,0.9830431081354618,1.2679100036621094,0.0,2.0,,ins3_cold
ldbc_snb_ins3_g4_9ec9f8f6,INS3,INS3_AddLikeToComment,primary,G4,explicit_edge_collection,edge_document,ldbc_snb_phys_sf1_sf1_ldbc_snb_ins3_g4_9ec9f8f6,hot,10,0,1.195785542950034,1.1364712845534086,1.5028589637950058,1.6825989866629243,0.1918036565582616,1.0802904143929482,1.7275339923799038,0.0,2.0,,ins3_hot
ldbc_snb_ins3_g6_c1c01729,INS3,INS3_AddLikeToComment,primary,G6,referenced_or_reverse_indexed_edges,edge_reference_reverse_index,ldbc_snb_phys_sf1_sf1_ldbc_snb_ins3_g6_c1c01729,hot,10,0,0.8018018677830696,0.9268401190638542,1.0541439056396484,1.0724928975105286,0.260972101298331,0.4763649776577949,1.0770801454782486,0.0,2.0,,ins3_hot
ldbc_snb_ins4_g0_63b0def3,INS4,INS4_AddForum,primary,G0,root_with_references,reference,ldbc_snb_phys_sf1_sf1_ldbc_snb_ins4_g0_63b0def3,cold,10,0,5.092223919928074,1.3639195822179315,21.94217273499813,34.94907479267568,11.635734689602469,1.2226388789713385,38.20080030709505,0.0,3.0,,ins4_cold
ldbc_snb_ins4_g3_b5f0ac72,INS4,INS4_AddForum,primary,G3,root_with_references_or_summaries,reference_summary,ldbc_snb_phys_sf1_sf1_ldbc_snb_ins4_g3_b5f0ac72,cold,10,0,1.8661815207451584,1.802926417440176,2.206398081034421,2.3649964295327663,0.2139139740194492,1.6815639100968838,2.4046460166573524,0.0,4.0,,ins4_cold
ldbc_snb_ins4_g0_63b0def3,INS4,INS4_AddForum,primary,G0,root_with_references,reference,ldbc_snb_phys_sf1_sf1_ldbc_snb_ins4_g0_63b0def3,hot,10,0,0.844206940382719,0.5979945417493582,1.7839943990111349,1.908136419951916,0.5017709094189369,0.543185044080019,1.939171925187111,0.0,3.0,,ins4_hot
ldbc_snb_ins4_g3_b5f0ac72,INS4,INS4_AddForum,primary,G3,root_with_references_or_summaries,reference_summary,ldbc_snb_phys_sf1_sf1_ldbc_snb_ins4_g3_b5f0ac72,hot,10,0,1.1107562575489285,1.0813975241035223,1.4519527088850737,1.4985450264066458,0.2179729756163674,0.8948738686740398,1.5101931057870388,0.0,4.0,,ins4_hot
ldbc_snb_ins5_g4_79a744a2,INS5,INS5_AddForumMembership,primary,G4,explicit_edge_collection,edge_document,ldbc_snb_phys_sf1_sf1_ldbc_snb_ins5_g4_79a744a2,cold,10,0,1.75298391841352,1.0739925783127546,4.662839928641909,6.7983225453645,1.9652231075242532,1.0130391456186771,7.332193199545145,0.0,2.0,,ins5_cold
ldbc_snb_ins5_g6_9496cfdb,INS5,INS5_AddForumMembership,primary,G6,referenced_or_reverse_indexed_edges,edge_reference_reverse_index,ldbc_snb_phys_sf1_sf1_ldbc_snb_ins5_g6_9496cfdb,cold,10,0,1.0447630193084478,0.9927814826369286,1.2192800641059875,1.2240208685398102,0.0994257266582047,0.9757289662957191,1.2252060696482658,0.0,2.0,,ins5_cold
ldbc_snb_ins5_g4_79a744a2,INS5,INS5_AddForumMembership,primary,G4,explicit_edge_collection,edge_document,ldbc_snb_phys_sf1_sf1_ldbc_snb_ins5_g4_79a744a2,hot,10,0,0.9072897490113974,0.8174709510058165,1.5280239516869183,1.7365118907764554,0.4402786936181399,0.4907529801130295,1.7886338755488396,0.0,2.0,,ins5_hot
ldbc_snb_ins5_g6_9496cfdb,INS5,INS5_AddForumMembership,primary,G6,referenced_or_reverse_indexed_edges,edge_reference_reverse_index,ldbc_snb_phys_sf1_sf1_ldbc_snb_ins5_g6_9496cfdb,hot,10,0,0.563126103952527,0.5346809048205614,0.6805679993703961,0.6880049267783761,0.0731540836642064,0.4848740063607692,0.6898641586303711,0.0,2.0,,ins5_hot
ldbc_snb_ins6_g0_50983b9d,INS6,INS6_AddPost,primary,G0,root_with_references,reference,ldbc_snb_phys_sf1_sf1_ldbc_snb_ins6_g0_50983b9d,cold,10,0,3.3034617081284523,1.6277574468404057,10.686469241045398,16.34130160789937,5.080309485978777,1.581182237714529,17.755009699612856,0.0,4.0,,ins6_cold
ldbc_snb_ins6_g3_d110d93b,INS6,INS6_AddPost,primary,G3,root_with_references_or_summaries,reference_summary,ldbc_snb_phys_sf1_sf1_ldbc_snb_ins6_g3_d110d93b,cold,10,0,2.200525114312768,2.0574000664055347,2.5986132677644487,2.7516047935932875,0.2510999507868758,2.0108497701585293,2.789852675050497,0.0,5.0,,ins6_cold
ldbc_snb_ins6_g7_2ba4aefb,INS6,INS6_AddPost,secondary_affected,G7,containment_baseline,containment_reference,ldbc_snb_phys_sf1_sf1_ldbc_snb_ins6_g7_2ba4aefb,cold,10,0,1.638869382441044,1.6375118866562843,1.7689457163214684,1.7762010917067528,0.083009711031798,1.5267939306795597,1.778014935553074,0.0,4.0,,ins6_cold
ldbc_snb_ins6_g9_0dad4d32,INS6,INS6_AddPost,secondary_affected,G9,hybrid_containment,hybrid_embed_reference_summary,ldbc_snb_phys_sf1_sf1_ldbc_snb_ins6_g9_0dad4d32,cold,10,0,2.077851491048932,2.020287560299039,2.302714018151164,2.342352708801627,0.1218188296638214,1.9967416301369667,2.352262381464243,0.0,5.0,,ins6_cold
ldbc_snb_ins6_g0_50983b9d,INS6,INS6_AddPost,primary,G0,root_with_references,reference,ldbc_snb_phys_sf1_sf1_ldbc_snb_ins6_g0_50983b9d,hot,10,0,1.7850952222943306,1.6854105051606894,2.2324662888422604,2.42178448010236,0.2787726103283131,1.5415418893098831,2.469114027917385,0.0,4.0,,ins6_hot
ldbc_snb_ins6_g3_d110d93b,INS6,INS6_AddPost,primary,G3,root_with_references_or_summaries,reference_summary,ldbc_snb_phys_sf1_sf1_ldbc_snb_ins6_g3_d110d93b,hot,10,0,2.0811413414776325,2.06865556538105,2.188490843400359,2.199901295825839,0.0676192166909919,2.0094201900064945,2.202753908932209,0.0,5.0,,ins6_hot
ldbc_snb_ins6_g7_2ba4aefb,INS6,INS6_AddPost,secondary_affected,G7,containment_baseline,containment_reference,ldbc_snb_phys_sf1_sf1_ldbc_snb_ins6_g7_2ba4aefb,hot,10,0,1.6649154946208,1.6802640166133642,1.7574992030858994,1.7961391061544418,0.0691219043128564,1.570161897689104,1.8057990819215772,0.0,4.0,,ins6_hot
ldbc_snb_ins6_g9_0dad4d32,INS6,INS6_AddPost,secondary_affected,G9,hybrid_containment,hybrid_embed_reference_summary,ldbc_snb_phys_sf1_sf1_ldbc_snb_ins6_g9_0dad4d32,hot,10,0,2.382418652996421,2.39586690440774,2.5105145759880543,2.5258836336433887,0.0990304449461026,2.203591633588076,2.5297258980572224,0.0,5.0,,ins6_hot
ldbc_snb_ins7_g0_1f628fad,INS7,INS7_AddComment,primary,G0,root_with_references,reference,ldbc_snb_phys_sf1_sf1_ldbc_snb_ins7_g0_1f628fad,cold,10,0,2.9176000971347094,1.826809486374259,7.588780368678262,10.719656734727325,3.050382465270549,1.32847111672163,11.502375826239586,0.0,4.0,,ins7_cold
ldbc_snb_ins7_g3_e7300dd8,INS7,INS7_AddComment,primary,G3,root_with_references_or_summaries,reference_summary,ldbc_snb_phys_sf1_sf1_ldbc_snb_ins7_g3_e7300dd8,cold,10,0,1.2076465878635645,1.1348638217896223,1.4969140756875274,1.5588412526994944,0.1739859947608224,1.0618530213832855,1.574323046952486,0.0,5.0,,ins7_cold
ldbc_snb_ins7_g7_c86de251,INS7,INS7_AddComment,secondary_affected,G7,containment_baseline,containment_reference,ldbc_snb_phys_sf1_sf1_ldbc_snb_ins7_g7_c86de251,cold,10,0,0.8160919416695833,0.7650128100067377,0.9729030774906277,0.992187992669642,0.0962352788607851,0.738874077796936,0.9970092214643956,0.0,4.0,,ins7_cold
ldbc_snb_ins7_g9_bcd2ce9b,INS7,INS7_AddComment,secondary_affected,G9,hybrid_containment,hybrid_embed_reference_summary,ldbc_snb_phys_sf1_sf1_ldbc_snb_ins7_g9_bcd2ce9b,cold,10,0,1.159969624131918,1.0644302237778902,1.4731313101947303,1.5618735365569592,0.1796691793889473,1.0522608645260334,1.5840590931475165,0.0,5.0,,ins7_cold
ldbc_snb_ins7_g0_1f628fad,INS7,INS7_AddComment,primary,G0,root_with_references,reference,ldbc_snb_phys_sf1_sf1_ldbc_snb_ins7_g0_1f628fad,hot,10,0,1.4165850821882486,1.6703528817743063,1.8349946942180395,1.849532602354884,0.4602747470900176,0.8311178535223007,1.8531670793890955,0.0,4.0,,ins7_hot
ldbc_snb_ins7_g3_e7300dd8,INS7,INS7_AddComment,primary,G3,root_with_references_or_summaries,reference_summary,ldbc_snb_phys_sf1_sf1_ldbc_snb_ins7_g3_e7300dd8,hot,10,0,2.205024706199765,2.252859529107809,2.335004205815494,2.363760336302221,0.112129375772648,2.0331712439656258,2.3709493689239025,0.0,5.0,,ins7_hot
ldbc_snb_ins7_g7_c86de251,INS7,INS7_AddComment,secondary_affected,G7,containment_baseline,containment_reference,ldbc_snb_phys_sf1_sf1_ldbc_snb_ins7_g7_c86de251,hot,10,0,1.5351535752415657,1.5237056650221348,1.5986245591193438,1.6269289050251243,0.0382641741026949,1.4965417794883251,1.6340049915015695,0.0,4.0,,ins7_hot
ldbc_snb_ins7_g9_bcd2ce9b,INS7,INS7_AddComment,secondary_affected,G9,hybrid_containment,hybrid_embed_reference_summary,ldbc_snb_phys_sf1_sf1_ldbc_snb_ins7_g9_bcd2ce9b,hot,10,0,2.046344568952918,2.0363954827189445,2.106806426309049,2.1193117229267955,0.0355262839180604,2.0029619336128235,2.122438047081232,0.0,5.0,,ins7_hot
ldbc_snb_ins8_g0_2acc6939,INS8,INS8_AddFriendship,primary,G0,root_with_references,reference,ldbc_snb_phys_sf1_sf1_ldbc_snb_ins8_g0_2acc6939,cold,10,0,0.9167422074824572,0.5122101865708828,2.798031549900766,4.194174986332656,1.2764217219045395,0.4269010387361049,4.543210845440626,0.0,1.0,,ins8_cold
ldbc_snb_ins8_g3_8e5c5f42,INS8,INS8_AddFriendship,primary,G3,root_with_references_or_summaries,reference_summary,ldbc_snb_phys_sf1_sf1_ldbc_snb_ins8_g3_8e5c5f42,cold,10,0,1.0082451160997152,0.9055084083229304,1.3862743508070705,1.5117866452783346,0.2103288634887744,0.8911737240850925,1.5431647188961506,0.0,2.0,,ins8_cold
ldbc_snb_ins8_g0_2acc6939,INS8,INS8_AddFriendship,primary,G0,root_with_references,reference,ldbc_snb_phys_sf1_sf1_ldbc_snb_ins8_g0_2acc6939,hot,10,0,0.4293595906347036,0.3310628235340118,0.8950442075729369,0.9452477842569352,0.26511863157255,0.2135578542947769,0.9577986784279346,0.0,1.0,,ins8_hot
ldbc_snb_ins8_g3_8e5c5f42,INS8,INS8_AddFriendship,primary,G3,root_with_references_or_summaries,reference_summary,ldbc_snb_phys_sf1_sf1_ldbc_snb_ins8_g3_8e5c5f42,hot,10,0,0.5961046554148197,0.5346140824258327,0.8583541493862863,1.0421474929898975,0.1743974975865894,0.510447658598423,1.0880958288908005,0.0,2.0,,ins8_hot
